id,first_name,last_name,username,email,gender,birthday,password
1,Diana,Gibson,jbell,dgibson@blogtags.com,Female,1959-04-23,aZDoY1
2,Lillian,Perez,ejordan,lperez@shufflebeat.net,Female,1938-03-15,C5eCz2
3,Adam,Reed,jtorres,areed@edgetag.mil,Male,1938-07-29,kw08CU
4,Donald,Morales,nporter,dmorales@voomm.org,Male,1938-09-19,pkGQpRkcq
5,Craig,Fields,bgardner,cfields@yakidoo.org,Male,1926-06-30,ilExiPqsp3j9
6,Ashley,Flores,hwilson,aflores@voonte.gov,Female,1934-04-23,LTft8fWZ6dgQ
7,Todd,Allen,eray,tallen@wikizz.info,Male,1963-01-05,BNG7bm
8,Bobby,Hart,rwright,bhart@quinu.org,Male,1974-09-06,f7wzYkX
9,Howard,Phillips,cshaw,hphillips@katz.net,Male,1992-06-26,KSjAVk
10,Albert,Miller,lbaker,amiller@eayo.edu,Male,1960-10-25,1PD2O5RGKq
11,Scott,Ryan,slittle,sryan@aibox.name,Male,1943-01-14,NTzbxFa0em
12,Nicole,Chavez,mrivera,nchavez@eabox.info,Female,2007-09-27,tcHoOnLh
13,Shirley,Montgomery,ggardner,smontgomery@trudeo.biz,Female,1925-02-25,ciZkAx
14,Heather,Jenkins,criley,hjenkins@gabcube.net,Female,1967-04-22,K9hMt66mP
15,Antonio,Cruz,cmyers,acruz@skyble.org,Male,1995-03-23,TFlbWhH6E
16,Ernest,Mendoza,vpatterson,emendoza@trupe.edu,Male,2009-11-14,pMvOIdo48
17,Jean,Mitchell,fpatterson,jmitchell@riffpath.gov,Female,2002-01-20,S2g6Ruq0WJpU
18,Gerald,Rivera,jrobertson,grivera@devbug.com,Male,1991-04-24,IrKansQkEok
19,Stephanie,Jordan,jpalmer,sjordan@vimbo.name,Female,1949-07-08,mxaA9Sx
20,Henry,Lee,amiller,hlee@teklist.org,Male,1939-12-28,DRZ29i
21,Anne,Stewart,msimmons,astewart@feedbug.name,Female,1924-04-29,xZXnM63XDX
22,Jimmy,Hughes,rrobinson,jhughes@rhynoodle.info,Male,2008-01-03,dXt24LyJmfx
23,Arthur,Shaw,sgilbert,ashaw@kimia.com,Male,1948-08-31,MimxbN9l7
24,Samuel,Edwards,pmitchell,sedwards@roombo.org,Male,1997-04-07,otghirOwX
25,Scott,Powell,rbrooks,spowell@kwilith.org,Male,1976-09-07,JYSsu18a
